{
  "test_suite": "Edge Cases",
  "timestamp": "2025-10-04T17:37:52.276002",
  "total_tests": 3,
  "passed": 0,
  "failed": 3,
  "pass_rate": 0.0,
  "results": [
    {
      "test_number": 1,
      "scenario_name": "Zero Renewable Generation",
      "scenario_type": "zero_renewable",
      "duration_seconds": 0.50265,
      "passed": false,
      "issues": [
        "Excessive cost: \u20b9589,441.89"
      ],
      "metrics": {
        "total_cost": 589441.8863522582,
        "total_emissions": 68920.1946434119,
        "unmet_demand_events": 0,
        "anomalies_detected": 0,
        "critical_anomalies": 0,
        "battery_cycles": 0,
        "grid_imports": 0,
        "grid_exports": 0,
        "rewards": [
          -3159.5477299118606,
          -3017.5243411426254,
          -4234.493024421243,
          -3487.3403969194846,
          -3520.641612817082,
          -3156.2463422107003,
          -2540.647448351332,
          -2910.9491255357534,
          -3366.09201383706,
          -2726.271846510877,
          -2949.705555336809,
          -3346.4000564455696,
          -2698.048484629464,
          -3044.471486109671,
          -2867.6575000968296,
          -2571.147237856545,
          -3833.7505652507734,
          -2872.4793009345663,
          -3400.43767643702,
          -3266.3786882138234,
          -2874.838264502176,
          -4028.9188232804427,
          -3194.828027261422,
          -3139.1250992290525,
          -3275.1242087836968,
          -3912.9008025452076,
          -3091.0144521768966,
          -2798.928655201798,
          -3367.299523402299,
          -2833.8164031217375,
          -3355.192506956546,
          -3999.0181793159545,
          -3521.7207092751364,
          -4171.697866054075,
          -4798.449490050354,
          -3780.0559851419016,
          -3841.4001144918448,
          -4363.330231704035,
          -4222.227429169659,
          -4112.252639060084,
          -3131.6162768192307,
          -4293.202335164207,
          -3622.9675526414676,
          -4159.189329685175,
          -3783.0373410589737,
          -3600.3885456087555,
          -3062.2699208423574,
          -3896.780261358371,
          -3193.264201200373,
          -4045.345180008163,
          -2837.909916830622,
          -4184.009719489286,
          -3279.090887467779,
          -3885.1465132465564,
          -3692.293788850401,
          -3292.1208685932934,
          -3761.051722131003,
          -2995.3637577723407,
          -2930.366059888361,
          -3496.3720178105027,
          -4510.056246634651,
          -3367.321941610783,
          -3793.3268350283756,
          -4466.777077253553,
          -3403.8941041598364,
          -4358.139296033537,
          -3033.0282239095804,
          -3443.4049509879706,
          -3916.128049394439,
          -5810.688495637253,
          -4322.778635249124,
          -4232.917710201875,
          -3119.9249002622228,
          -3600.272966854879,
          -3737.2814412140087,
          -4732.392881620421,
          -5509.532449924993,
          -3698.9653820578487,
          -4515.272715775038,
          -4893.722935142207,
          -3663.4921115929596,
          -3925.858372102646,
          -3410.335954487029,
          -4035.56424348732,
          -3778.4750861812045,
          -3933.291131740699,
          -3157.4427054635844,
          -3411.3819068990783,
          -4734.114024705274,
          -3482.7341482994825,
          -4022.2528220089307,
          -4027.972463495872,
          -4292.075640821807,
          -3892.1565898537183,
          -4258.532211206327,
          -4143.2330179109085
        ],
        "final_health": 99.99809700559574
      },
      "timestamp": "2025-10-04T17:37:50.750328"
    },
    {
      "test_number": 2,
      "scenario_name": "Extreme Load Spike",
      "scenario_type": "extreme_load_spike",
      "duration_seconds": 0.507509,
      "passed": false,
      "issues": [
        "Excessive unmet demand: 12 events"
      ],
      "metrics": {
        "total_cost": 391135.7764812693,
        "total_emissions": 50542.330773427784,
        "unmet_demand_events": 12,
        "anomalies_detected": 0,
        "critical_anomalies": 0,
        "battery_cycles": 0,
        "grid_imports": 0,
        "grid_exports": 0,
        "rewards": [
          -2569.752184961091,
          -2813.091946060219,
          -2727.968262500482,
          -1876.7435247883543,
          -2932.4870723746108,
          -2336.6891897999685,
          -2326.78398918069,
          -3137.812549555727,
          -3486.8506187103976,
          -2701.695899481824,
          -2635.06750577106,
          -2764.8755270307374,
          -2096.3337811422107,
          -3733.2181121320973,
          -2357.0928131707888,
          -2069.607400631454,
          -2604.8632486173397,
          -3420.230271242409,
          -2247.689657978207,
          -2154.829589731785,
          -2477.837933218113,
          -3188.5063228653767,
          -3004.1800263958125,
          -2810.257683632817,
          -2957.1373873468974,
          -3587.043590156957,
          -2031.2963107367511,
          -3079.0198358644698,
          -3536.194839402232,
          -3361.3226008268393,
          -2275.0866086729357,
          -2567.1767120735412,
          -29339843.22759,
          -39515559.9365865,
          -244328.83096895416,
          -17476294.346159242,
          -39932506.65560722,
          -28573264.886494886,
          -53210805.91309177,
          -18643997.193971545,
          -54707496.59194858,
          -23010839.673537854,
          -16864971.582185127,
          -15666005.515951345,
          -2151.9167359202493,
          -1042.3379383303582,
          -1155.111832945463,
          -2109.2040415327456,
          -714.7159052949237,
          -2036.5620557681934,
          -848.3187255367619,
          -2400.8538554395964,
          -3389.324547244122,
          -2323.724918897998,
          -205.42211652750674,
          -1241.332389881893,
          -1779.9093011251794,
          -3169.1053585585173,
          -1830.313822156298,
          -2064.2222517798214,
          -998.2288637514719,
          -3293.849980486569,
          -1982.201106845375,
          -1452.7195915461075,
          -2443.8764091917265,
          -2830.465846886006,
          -2535.337232727451,
          -3310.372373569752,
          -1879.3587092136177,
          -2392.712880598885,
          -2115.336867235847,
          -3557.4535058167767,
          -2280.701379898378,
          -2937.5564486804114,
          -3577.260575374677,
          -3686.640844755883,
          -2875.8662727263327,
          -2718.5442568700537,
          -3032.030612738474,
          -2538.2481107133885,
          -2878.6288973421865,
          -2943.2274093885367,
          -2639.3922325003205,
          -4302.9571940906835,
          -2454.992411684302,
          -3036.3082349425536,
          -2019.72877617539,
          -3060.603992957956,
          -4349.21732231938,
          -2691.3621881551926,
          -2569.774414028985,
          -3215.8084002916457,
          -3494.0259314085997,
          -2542.1540256567373,
          -2233.347128955057,
          -2879.9867033785576
        ],
        "final_health": 99.99809315891407
      },
      "timestamp": "2025-10-04T17:37:51.253979"
    },
    {
      "test_number": 3,
      "scenario_name": "Grid Failure",
      "scenario_type": "grid_failure",
      "duration_seconds": 0.513515,
      "passed": false,
      "issues": [
        "Excessive unmet demand: 14 events"
      ],
      "metrics": {
        "total_cost": 695878.2881594329,
        "total_emissions": 79497.81634469963,
        "unmet_demand_events": 14,