{
  "test_suite": "Real-World Scenarios",
  "timestamp": "2025-10-04T17:37:53.264952",
  "total_tests": 2,
  "passed": 1,
  "failed": 1,
  "success_rate": 50.0,
  "results": [
    {
      "test_number": 1,
      "scenario_name": "Summer Peak Load",
      "scenario_type": "summer_peak",
      "duration_seconds": 0.508045,
      "passed": false,
      "issues": [
        "High unmet demand: 53451.18 kWh",
        "High cost during summer peak"
      ],
      "metrics": {
        "total_cost": 921121.6674658087,
        "total_emissions": 91189.31352213614,
        "renewable_usage_pct": 0,
        "grid_usage_kwh": 0,
        "battery_cycles": 0,
        "unmet_demand_kwh": 53451.17792052194,
        "anomalies_detected": 0,
        "avg_health": 0,
        "rewards": [
          -24356585.961501222,
          -9847334.253768682,
          -20065666.621385776,
          -13937564.666348726,
          -9276147.122098722,
          -934345.2524553105,
          -7523780.212627966,
          -3881.50210543113,
          -4184.105307832117,
          -4120.6952260405205,
          -3598.7922790458797,
          -1033918.3535169648,
          -3953.918307631577,
          -4652827.4313216135,
          -3483.522824732499,
          -4390186.966407222,
          -4113.25976918983,
          -3794.7421520225516,
          -399335.4847625271,
          -4592.420625997694,
          -11898815.019803843,
          -1706596.9680835688,
          -13158532.886206513,
          -4144.230468505234,
          -4264471.651290748,
          -3894.070759917783,
          -21312199.384225976,
          -4490.117429189643,
          -5263.900457344279,
          -234862.60063696976,
          -3199530.318253729,
          -4933.64768932246,
          -2923.0866991873395,
          -4200.85885541094,
          -3915.8069267663655,
          -4102.32779103429,
          -3279.6003261734622,
          -15579452.917637022,
          -4941.998591799201,
          -4798.771078479724,
          -8198502.638411744,
          -4555.221294687954,
          -1469230.2962899623,
          -2323.3823983756774,
          -2780.684513949074,
          -3869.935196472585,
          -3645.074049071864,
          -12837314.900198514,
          -5620.02020797729,
          -30598979.609158322,
          -41891214.60054531,
          -29957653.357428,
          -29315808.77419069,
          -26781253.76072519,
          -44393610.58504805,
          -1895016.5804647403,
          -35245501.837375134,
          -23143040.1233753,
          -13985714.589063743,
          -4706.191221928452,
          -1553641.1952427262,
          -27956597.90701416,
          -49532418.378543355,
          -44406796.54048807,
          -44637181.57889357,
          -4303.3969968690335,
          -5197.787067931239,
          -5092.118150395773,
          -1523335.3664265408,
          -17362916.171463557,
          -5472.567919559838,
          -9280494.991390761,
          -6219.284201936226,
          -5113.16063399188,
          -5531.186473798069,
          -708701.6684444993,
          -5359.112590004676,
          -4675.892738662566,
          -14011810.634749524,
          -4239167.1565647535,
          -12713644.398279473,
          -5267.052645962837,
          -4395.885116946806,
          -5753.139359336676,
          -53119377.87385182,
          -52697678.21173271,
          -30945284.550807558,
          -34721082.82399556,
          -38298950.52391383,
          -63942863.62538074,
          -28174831.525827996,
          -35613174.648863494,
          -66396260.3840847,
          -5203.043595587318,
          -3870.4672619199564,
          -10060997.757195849
        ],
        "steps_completed": 96,
        "avg_reward": -11557997.60017781,
        "final_health": 99.99807268992589
      },
      "metadata": {
        "season": "summer",
        "temp": 42,
        "ac_load_factor": 1.4
      },
      "timestamp": "2025-10-04T17:37:52.277995"
    },
    {
      "test_number": 2,
      "scenario_name": "Urban Residential Pattern",
      "scenario_type": "urban_residential",
      "duration_seconds": 0.475999,
      "passed": true,
      "issues": [],
      "metrics": {
        "total_cost": 263223.5175038459,
        "total_emissions": 35357.98239587108,
        "renewable_usage_pct": 0,
        "grid_usage_kwh": 0,
        "battery_cycles": 0,
        "unmet_demand_kwh": 0.0,
        "anomalies_detected": 0,
        "avg_health": 0,
        "rewards": [
          -1611.4450867671649,
          -1465.0905536084156,
          -1775.9591481406017,
          -2048.771694745055,
          -1513.7890316167968,
          -924.3486637753306,
          -1558.4182373741119,
          -1881.676850157882,
          -1433.81799875353,
          -1207.5235189391979,
          -461.1419732378681,
          -1220.470854597184,
          -1656.7687234285684,
          -1309.1585561970933,
          -742.9880186033689,
          -1503.8692809464467,
          -1140.2846080532295,
          -676.8208707201932,
          -877.114764410982,
          -988.3888044975868,
          -1063.4957388345194,
          -2456.312017346442,
          -883.9720614280071,
          -954.3821037393077,
          -2459.8366435366943,
          -3028.085560818294,
          -2499.7886527815913,
          -3319.2045773376285,
          -3119.989377086906,
          -3490.3962381295078,
          -3296.9950773011897,
          -1544.7266136977064,
          -2341.722078555491,
          -3291.4061361429112,
          -3440.254150049393,
          -1195.5901866403074,
          -951.9982789950543,
          -497.3332875612039,
          -174.23080287413515,
          -2067.230619221716,
          -2546.4515403997702,
          -2628.4613273097007,
          -402.8334634464372,
          -989.0351967352207,
          -436.68107906893835,
          -2357.449737606352,
          -1531.7043910021084,
          -1595.1088931226946,
          -1763.3172864170203,
          -173.94267977655267,
          -765.2645769663504,
          -2025.6998118981844,
          -2515.3975948929087,
          -1067.9475785115098,
          -2593.589299948717,
          -892.5590836564254,
          -1885.8156418072745,
          -284.9939092812709,
          -2269.562656381161,
          -596.9310361342377,
          -1164.8437062508237,
          -961.2366777487962,
          -1060.9130163320337,
          -3330.668687373378,
          -1923.53163939409,
          -1732.374617364133,
          -313.43293316257154,
          -3011.123977932778,
          -2098.533297993121,
          -2612.4201840065016,
          -1985.128948338654,
          -3480.3842481797456,
          -4678.840565879583,
          -3747.9563092259787,
          -4977.3802021896,
          -3605.3934397271696,
          -3274.761397543581,
          -3765.889483173848,
          -4337.177712271647,
          -5236.988709579813,
          -3637.516231146331,
          -4195.818618392025,
          -3532.964595170585,
          -4452.732531777057,
          -4034.327688413993,
          -3669.3148930695033,
          -3003.271243466261,
          -2473.001865586275,
          -2720.485093196292,
          -4204.5412306666585,
          -3593.640842811361,
          -4496.376762368411,
          -3283.155688758473,
          -1291.3139875745742,
          -1509.2506410108194,
          -2955.004922787878
        ],
        "steps_completed": 96,
        "avg_reward": -2164.0545918216226,
        "final_health": 99.99809558957628
      },
      "metadata": {
        "type": "residential",
        "morning_peak": 1.5,
        "evening_peak": 1.7
      },
      "timestamp": "2025-10-04T17:37:52.787950"
    }
  ]
}